Suite/Test/Step Name,Browser,Description,Tag,Start time,End time,Duration,Status
Login,Chrome 114.0.0.0,,,06-06-2024 14:14:06,06-06-2024 14:19:17,5m - 11.006s,FAILED
,,,,,,,
Test Cases/TC_Login,Chrome 114.0.0.0,,,06-06-2024 14:14:06,06-06-2024 14:14:15,8.610s,FAILED
"openBrowser("""")",Chrome 114.0.0.0,,,06-06-2024 14:14:06,06-06-2024 14:14:09,2.132s,PASSED
"navigateToUrl(""https://hasaki.vn/"")",Chrome 114.0.0.0,,,06-06-2024 14:14:09,06-06-2024 14:14:11,2.567s,PASSED
maximizeWindow(),Chrome 114.0.0.0,,,06-06-2024 14:14:11,06-06-2024 14:14:11,0.244s,PASSED
"click(findTestObject(""Page_Login/button_Yes_KhuyenMai""))",Chrome 114.0.0.0,,,06-06-2024 14:14:11,06-06-2024 14:14:12,0.883s,PASSED
"click(findTestObject(""Page_Login/img_Page""))",Chrome 114.0.0.0,,,06-06-2024 14:14:12,06-06-2024 14:14:13,0.471s,PASSED
"click(findTestObject(""Page_Login/Link_Login""))",Chrome 114.0.0.0,,,06-06-2024 14:14:13,06-06-2024 14:14:13,0.473s,PASSED
"setText(findTestObject(""Page_Login/input_username""), username)",Chrome 114.0.0.0,,,06-06-2024 14:14:13,06-06-2024 14:14:14,0.908s,PASSED
"setEncryptedText(findTestObject(""Page_Login/input_password""), password)",Chrome 114.0.0.0,,,06-06-2024 14:14:14,06-06-2024 14:14:15,0.456s,FAILED
,,,,,,,
Test Cases/TC_Login,Chrome 114.0.0.0,,,06-06-2024 14:14:15,06-06-2024 14:14:21,6.183s,FAILED
"openBrowser("""")",Chrome 114.0.0.0,,,06-06-2024 14:14:15,06-06-2024 14:14:16,1.117s,PASSED
"navigateToUrl(""https://hasaki.vn/"")",Chrome 114.0.0.0,,,06-06-2024 14:14:16,06-06-2024 14:14:18,2.333s,PASSED
maximizeWindow(),Chrome 114.0.0.0,,,06-06-2024 14:14:18,06-06-2024 14:14:18,0.175s,PASSED
"click(findTestObject(""Page_Login/button_Yes_KhuyenMai""))",Chrome 114.0.0.0,,,06-06-2024 14:14:18,06-06-2024 14:14:19,0.410s,PASSED
"click(findTestObject(""Page_Login/img_Page""))",Chrome 114.0.0.0,,,06-06-2024 14:14:19,06-06-2024 14:14:19,0.501s,PASSED
"click(findTestObject(""Page_Login/Link_Login""))",Chrome 114.0.0.0,,,06-06-2024 14:14:19,06-06-2024 14:14:20,0.354s,PASSED
"setText(findTestObject(""Page_Login/input_username""), username)",Chrome 114.0.0.0,,,06-06-2024 14:14:20,06-06-2024 14:14:20,0.875s,PASSED
"setEncryptedText(findTestObject(""Page_Login/input_password""), password)",Chrome 114.0.0.0,,,06-06-2024 14:14:20,06-06-2024 14:14:21,0.375s,FAILED
,,,,,,,
Test Cases/TC_Login,Chrome 114.0.0.0,,,06-06-2024 14:14:21,06-06-2024 14:14:28,7.087s,FAILED
"openBrowser("""")",Chrome 114.0.0.0,,,06-06-2024 14:14:21,06-06-2024 14:14:22,0.810s,PASSED
"navigateToUrl(""https://hasaki.vn/"")",Chrome 114.0.0.0,,,06-06-2024 14:14:22,06-06-2024 14:14:24,2.391s,PASSED
maximizeWindow(),Chrome 114.0.0.0,,,06-06-2024 14:14:24,06-06-2024 14:14:24,0.181s,PASSED
"click(findTestObject(""Page_Login/button_Yes_KhuyenMai""))",Chrome 114.0.0.0,,,06-06-2024 14:14:24,06-06-2024 14:14:25,0.858s,PASSED
"click(findTestObject(""Page_Login/img_Page""))",Chrome 114.0.0.0,,,06-06-2024 14:14:25,06-06-2024 14:14:25,0.448s,PASSED
"click(findTestObject(""Page_Login/Link_Login""))",Chrome 114.0.0.0,,,06-06-2024 14:14:26,06-06-2024 14:14:26,0.582s,PASSED
"setText(findTestObject(""Page_Login/input_username""), username)",Chrome 114.0.0.0,,,06-06-2024 14:14:26,06-06-2024 14:14:27,1.354s,PASSED
"setEncryptedText(findTestObject(""Page_Login/input_password""), password)",Chrome 114.0.0.0,,,06-06-2024 14:14:27,06-06-2024 14:14:28,0.422s,FAILED
,,,,,,,
Test Cases/TC_Login,Chrome 114.0.0.0,,,06-06-2024 14:14:28,06-06-2024 14:14:34,5.928s,FAILED
"openBrowser("""")",Chrome 114.0.0.0,,,06-06-2024 14:14:28,06-06-2024 14:14:29,0.823s,PASSED
"navigateToUrl(""https://hasaki.vn/"")",Chrome 114.0.0.0,,,06-06-2024 14:14:29,06-06-2024 14:14:31,2.079s,PASSED
maximizeWindow(),Chrome 114.0.0.0,,,06-06-2024 14:14:31,06-06-2024 14:14:31,0.137s,PASSED
"click(findTestObject(""Page_Login/button_Yes_KhuyenMai""))",Chrome 114.0.0.0,,,06-06-2024 14:14:31,06-06-2024 14:14:31,0.459s,PASSED
"click(findTestObject(""Page_Login/img_Page""))",Chrome 114.0.0.0,,,06-06-2024 14:14:31,06-06-2024 14:14:32,0.670s,PASSED
"click(findTestObject(""Page_Login/Link_Login""))",Chrome 114.0.0.0,,,06-06-2024 14:14:32,06-06-2024 14:14:32,0.343s,PASSED
"setText(findTestObject(""Page_Login/input_username""), username)",Chrome 114.0.0.0,,,06-06-2024 14:14:32,06-06-2024 14:14:33,1.037s,PASSED
"setEncryptedText(findTestObject(""Page_Login/input_password""), password)",Chrome 114.0.0.0,,,06-06-2024 14:14:33,06-06-2024 14:14:34,0.359s,FAILED
,,,,,,,
Test Cases/TC_Login,Chrome 114.0.0.0,,,06-06-2024 14:14:34,06-06-2024 14:14:41,6.788s,FAILED
"openBrowser("""")",Chrome 114.0.0.0,,,06-06-2024 14:14:34,06-06-2024 14:14:35,0.795s,PASSED
"navigateToUrl(""https://hasaki.vn/"")",Chrome 114.0.0.0,,,06-06-2024 14:14:35,06-06-2024 14:14:37,2.358s,PASSED
maximizeWindow(),Chrome 114.0.0.0,,,06-06-2024 14:14:37,06-06-2024 14:14:37,0.225s,PASSED
"click(findTestObject(""Page_Login/button_Yes_KhuyenMai""))",Chrome 114.0.0.0,,,06-06-2024 14:14:37,06-06-2024 14:14:38,0.716s,PASSED
"click(findTestObject(""Page_Login/img_Page""))",Chrome 114.0.0.0,,,06-06-2024 14:14:38,06-06-2024 14:14:38,0.514s,PASSED
"click(findTestObject(""Page_Login/Link_Login""))",Chrome 114.0.0.0,,,06-06-2024 14:14:38,06-06-2024 14:14:39,0.579s,PASSED
"setText(findTestObject(""Page_Login/input_username""), username)",Chrome 114.0.0.0,,,06-06-2024 14:14:39,06-06-2024 14:14:40,1.198s,PASSED
"setEncryptedText(findTestObject(""Page_Login/input_password""), password)",Chrome 114.0.0.0,,,06-06-2024 14:14:40,06-06-2024 14:14:41,0.379s,FAILED
,,,,,,,
Test Cases/TC_Login,Chrome 114.0.0.0,,,06-06-2024 14:14:41,06-06-2024 14:14:48,7.031s,FAILED
"openBrowser("""")",Chrome 114.0.0.0,,,06-06-2024 14:14:41,06-06-2024 14:14:41,0.774s,PASSED
"navigateToUrl(""https://hasaki.vn/"")",Chrome 114.0.0.0,,,06-06-2024 14:14:41,06-06-2024 14:14:44,2.495s,PASSED
maximizeWindow(),Chrome 114.0.0.0,,,06-06-2024 14:14:44,06-06-2024 14:14:44,0.263s,PASSED
"click(findTestObject(""Page_Login/button_Yes_KhuyenMai""))",Chrome 114.0.0.0,,,06-06-2024 14:14:44,06-06-2024 14:14:45,0.832s,PASSED
"click(findTestObject(""Page_Login/img_Page""))",Chrome 114.0.0.0,,,06-06-2024 14:14:45,06-06-2024 14:14:45,0.452s,PASSED
"click(findTestObject(""Page_Login/Link_Login""))",Chrome 114.0.0.0,,,06-06-2024 14:14:45,06-06-2024 14:14:46,0.572s,PASSED
"setText(findTestObject(""Page_Login/input_username""), username)",Chrome 114.0.0.0,,,06-06-2024 14:14:46,06-06-2024 14:14:47,1.239s,PASSED
"setEncryptedText(findTestObject(""Page_Login/input_password""), password)",Chrome 114.0.0.0,,,06-06-2024 14:14:47,06-06-2024 14:14:48,0.380s,FAILED
,,,,,,,
Test Cases/TC_Login,Chrome 114.0.0.0,,,06-06-2024 14:14:48,06-06-2024 14:14:53,5.694s,FAILED
"openBrowser("""")",Chrome 114.0.0.0,,,06-06-2024 14:14:48,06-06-2024 14:14:49,0.950s,PASSED
"navigateToUrl(""https://hasaki.vn/"")",Chrome 114.0.0.0,,,06-06-2024 14:14:49,06-06-2024 14:14:51,2.359s,PASSED
maximizeWindow(),Chrome 114.0.0.0,,,06-06-2024 14:14:51,06-06-2024 14:14:51,0.218s,PASSED
"click(findTestObject(""Page_Login/button_Yes_KhuyenMai""))",Chrome 114.0.0.0,,,06-06-2024 14:14:51,06-06-2024 14:14:52,0.822s,PASSED
"click(findTestObject(""Page_Login/img_Page""))",Chrome 114.0.0.0,,,06-06-2024 14:14:52,06-06-2024 14:14:53,0.460s,PASSED
"click(findTestObject(""Page_Login/Link_Login""))",Chrome 114.0.0.0,,,06-06-2024 14:14:53,06-06-2024 14:14:53,0.867s,FAILED
,,,,,,,
Test Cases/TC_Login,Chrome 114.0.0.0,,,06-06-2024 14:14:53,06-06-2024 14:15:00,7.047s,FAILED
"openBrowser("""")",Chrome 114.0.0.0,,,06-06-2024 14:14:53,06-06-2024 14:14:54,0.882s,PASSED
"navigateToUrl(""https://hasaki.vn/"")",Chrome 114.0.0.0,,,06-06-2024 14:14:54,06-06-2024 14:14:57,2.431s,PASSED
maximizeWindow(),Chrome 114.0.0.0,,,06-06-2024 14:14:57,06-06-2024 14:14:57,0.297s,PASSED
"click(findTestObject(""Page_Login/button_Yes_KhuyenMai""))",Chrome 114.0.0.0,,,06-06-2024 14:14:57,06-06-2024 14:14:58,0.693s,PASSED
"click(findTestObject(""Page_Login/img_Page""))",Chrome 114.0.0.0,,,06-06-2024 14:14:58,06-06-2024 14:14:58,0.507s,PASSED
"click(findTestObject(""Page_Login/Link_Login""))",Chrome 114.0.0.0,,,06-06-2024 14:14:58,06-06-2024 14:14:59,0.560s,PASSED
"setText(findTestObject(""Page_Login/input_username""), username)",Chrome 114.0.0.0,,,06-06-2024 14:14:59,06-06-2024 14:15:00,1.264s,PASSED
"setEncryptedText(findTestObject(""Page_Login/input_password""), password)",Chrome 114.0.0.0,,,06-06-2024 14:15:00,06-06-2024 14:15:00,0.392s,FAILED
,,,,,,,
Test Cases/TC_Login,Chrome 114.0.0.0,,,06-06-2024 14:15:01,06-06-2024 14:15:09,8.060s,FAILED
"openBrowser("""")",Chrome 114.0.0.0,,,06-06-2024 14:15:01,06-06-2024 14:15:01,0.807s,PASSED
"navigateToUrl(""https://hasaki.vn/"")",Chrome 114.0.0.0,,,06-06-2024 14:15:01,06-06-2024 14:15:04,2.688s,PASSED
maximizeWindow(),Chrome 114.0.0.0,,,06-06-2024 14:15:04,06-06-2024 14:15:04,0.307s,PASSED
"click(findTestObject(""Page_Login/button_Yes_KhuyenMai""))",Chrome 114.0.0.0,,,06-06-2024 14:15:04,06-06-2024 14:15:05,0.579s,PASSED
"click(findTestObject(""Page_Login/img_Page""))",Chrome 114.0.0.0,,,06-06-2024 14:15:05,06-06-2024 14:15:06,0.796s,PASSED
"click(findTestObject(""Page_Login/Link_Login""))",Chrome 114.0.0.0,,,06-06-2024 14:15:06,06-06-2024 14:15:07,1.029s,PASSED
"setText(findTestObject(""Page_Login/input_username""), username)",Chrome 114.0.0.0,,,06-06-2024 14:15:07,06-06-2024 14:15:08,1.465s,PASSED
"setEncryptedText(findTestObject(""Page_Login/input_password""), password)",Chrome 114.0.0.0,,,06-06-2024 14:15:08,06-06-2024 14:15:09,0.359s,FAILED
,,,,,,,
Test Cases/TC_Login,Chrome 114.0.0.0,,,06-06-2024 14:15:09,06-06-2024 14:15:15,6.905s,FAILED
"openBrowser("""")",Chrome 114.0.0.0,,,06-06-2024 14:15:09,06-06-2024 14:15:09,0.821s,PASSED
"navigateToUrl(""https://hasaki.vn/"")",Chrome 114.0.0.0,,,06-06-2024 14:15:09,06-06-2024 14:15:12,2.336s,PASSED
maximizeWindow(),Chrome 114.0.0.0,,,06-06-2024 14:15:12,06-06-2024 14:15:12,0.218s,PASSED
"click(findTestObject(""Page_Login/button_Yes_KhuyenMai""))",Chrome 114.0.0.0,,,06-06-2024 14:15:12,06-06-2024 14:15:13,0.990s,PASSED
"click(findTestObject(""Page_Login/img_Page""))",Chrome 114.0.0.0,,,06-06-2024 14:15:13,06-06-2024 14:15:13,0.495s,PASSED
"click(findTestObject(""Page_Login/Link_Login""))",Chrome 114.0.0.0,,,06-06-2024 14:15:13,06-06-2024 14:15:14,0.563s,PASSED
"setText(findTestObject(""Page_Login/input_username""), username)",Chrome 114.0.0.0,,,06-06-2024 14:15:14,06-06-2024 14:15:15,1.076s,PASSED
"setEncryptedText(findTestObject(""Page_Login/input_password""), password)",Chrome 114.0.0.0,,,06-06-2024 14:15:15,06-06-2024 14:15:15,0.396s,FAILED
,,,,,,,
Test Cases/TC_Login,Chrome 114.0.0.0,,,06-06-2024 14:15:16,06-06-2024 14:15:53,37.963s,FAILED
"openBrowser("""")",Chrome 114.0.0.0,,,06-06-2024 14:15:16,06-06-2024 14:15:16,0.788s,PASSED
"navigateToUrl(""https://hasaki.vn/"")",Chrome 114.0.0.0,,,06-06-2024 14:15:16,06-06-2024 14:15:50,33.486s,PASSED
maximizeWindow(),Chrome 114.0.0.0,,,06-06-2024 14:15:50,06-06-2024 14:15:50,0.208s,PASSED
"click(findTestObject(""Page_Login/button_Yes_KhuyenMai""))",Chrome 114.0.0.0,,,06-06-2024 14:15:50,06-06-2024 14:15:51,0.721s,PASSED
"click(findTestObject(""Page_Login/img_Page""))",Chrome 114.0.0.0,,,06-06-2024 14:15:51,06-06-2024 14:15:51,0.459s,PASSED
"click(findTestObject(""Page_Login/Link_Login""))",Chrome 114.0.0.0,,,06-06-2024 14:15:51,06-06-2024 14:15:52,0.583s,PASSED
"setText(findTestObject(""Page_Login/input_username""), username)",Chrome 114.0.0.0,,,06-06-2024 14:15:52,06-06-2024 14:15:53,1.282s,PASSED
"setEncryptedText(findTestObject(""Page_Login/input_password""), password)",Chrome 114.0.0.0,,,06-06-2024 14:15:53,06-06-2024 14:15:53,0.412s,FAILED
,,,,,,,
Test Cases/TC_Login,Chrome 114.0.0.0,,,06-06-2024 14:15:53,06-06-2024 14:16:00,6.997s,FAILED
"openBrowser("""")",Chrome 114.0.0.0,,,06-06-2024 14:15:54,06-06-2024 14:15:54,0.806s,PASSED
"navigateToUrl(""https://hasaki.vn/"")",Chrome 114.0.0.0,,,06-06-2024 14:15:54,06-06-2024 14:15:57,2.363s,PASSED
maximizeWindow(),Chrome 114.0.0.0,,,06-06-2024 14:15:57,06-06-2024 14:15:57,0.202s,PASSED
"click(findTestObject(""Page_Login/button_Yes_KhuyenMai""))",Chrome 114.0.0.0,,,06-06-2024 14:15:57,06-06-2024 14:15:58,0.924s,PASSED
"click(findTestObject(""Page_Login/img_Page""))",Chrome 114.0.0.0,,,06-06-2024 14:15:58,06-06-2024 14:15:58,0.451s,PASSED
"click(findTestObject(""Page_Login/Link_Login""))",Chrome 114.0.0.0,,,06-06-2024 14:15:58,06-06-2024 14:15:59,0.567s,PASSED
"setText(findTestObject(""Page_Login/input_username""), username)",Chrome 114.0.0.0,,,06-06-2024 14:15:59,06-06-2024 14:16:00,1.242s,PASSED
"setEncryptedText(findTestObject(""Page_Login/input_password""), password)",Chrome 114.0.0.0,,,06-06-2024 14:16:00,06-06-2024 14:16:00,0.423s,FAILED
,,,,,,,
Test Cases/TC_Login,Chrome 114.0.0.0,,,06-06-2024 14:16:01,06-06-2024 14:16:11,10.719s,FAILED
"openBrowser("""")",Chrome 114.0.0.0,,,06-06-2024 14:16:01,06-06-2024 14:16:01,0.774s,PASSED
"navigateToUrl(""https://hasaki.vn/"")",Chrome 114.0.0.0,,,06-06-2024 14:16:01,06-06-2024 14:16:04,2.654s,PASSED
maximizeWindow(),Chrome 114.0.0.0,,,06-06-2024 14:16:04,06-06-2024 14:16:04,0.262s,PASSED
"click(findTestObject(""Page_Login/button_Yes_KhuyenMai""))",Chrome 114.0.0.0,,,06-06-2024 14:16:04,06-06-2024 14:16:05,0.767s,PASSED
"click(findTestObject(""Page_Login/img_Page""))",Chrome 114.0.0.0,,,06-06-2024 14:16:05,06-06-2024 14:16:05,0.445s,PASSED
"click(findTestObject(""Page_Login/Link_Login""))",Chrome 114.0.0.0,,,06-06-2024 14:16:05,06-06-2024 14:16:06,0.563s,PASSED
"setText(findTestObject(""Page_Login/input_username""), username)",Chrome 114.0.0.0,,,06-06-2024 14:16:06,06-06-2024 14:16:07,1.162s,PASSED
"setEncryptedText(findTestObject(""Page_Login/input_password""), password)",Chrome 114.0.0.0,,,06-06-2024 14:16:07,06-06-2024 14:16:08,0.709s,PASSED
"click(findTestObject(""Page_Login/button_Login""))",Chrome 114.0.0.0,,,06-06-2024 14:16:08,06-06-2024 14:16:08,0.470s,PASSED
delay(2),Chrome 114.0.0.0,,,06-06-2024 14:16:08,06-06-2024 14:16:10,2.036s,PASSED
"verifyElementText(findTestObject(""Page_Login/LoginExpected""), Expected)",Chrome 114.0.0.0,,,06-06-2024 14:16:10,06-06-2024 14:16:11,0.856s,FAILED
,,,,,,,
Test Cases/TC_Login,Chrome 114.0.0.0,,,06-06-2024 14:16:11,06-06-2024 14:16:18,6.655s,FAILED
"openBrowser("""")",Chrome 114.0.0.0,,,06-06-2024 14:16:11,06-06-2024 14:16:12,0.861s,PASSED
"navigateToUrl(""https://hasaki.vn/"")",Chrome 114.0.0.0,,,06-06-2024 14:16:12,06-06-2024 14:16:14,2.355s,PASSED
maximizeWindow(),Chrome 114.0.0.0,,,06-06-2024 14:16:14,06-06-2024 14:16:15,0.247s,PASSED
"click(findTestObject(""Page_Login/button_Yes_KhuyenMai""))",Chrome 114.0.0.0,,,06-06-2024 14:16:15,06-06-2024 14:16:16,0.842s,PASSED
"click(findTestObject(""Page_Login/img_Page""))",Chrome 114.0.0.0,,,06-06-2024 14:16:16,06-06-2024 14:16:16,0.464s,PASSED
"click(findTestObject(""Page_Login/Link_Login""))",Chrome 114.0.0.0,,,06-06-2024 14:16:16,06-06-2024 14:16:16,0.458s,PASSED
"setText(findTestObject(""Page_Login/input_username""), username)",Chrome 114.0.0.0,,,06-06-2024 14:16:16,06-06-2024 14:16:18,1.059s,PASSED
"setEncryptedText(findTestObject(""Page_Login/input_password""), password)",Chrome 114.0.0.0,,,06-06-2024 14:16:18,06-06-2024 14:16:18,0.360s,FAILED
,,,,,,,
Test Cases/TC_Login,Chrome 114.0.0.0,,,06-06-2024 14:16:18,06-06-2024 14:16:24,5.840s,FAILED
"openBrowser("""")",Chrome 114.0.0.0,,,06-06-2024 14:16:18,06-06-2024 14:16:19,0.886s,PASSED
"navigateToUrl(""https://hasaki.vn/"")",Chrome 114.0.0.0,,,06-06-2024 14:16:19,06-06-2024 14:16:21,2.517s,PASSED
maximizeWindow(),Chrome 114.0.0.0,,,06-06-2024 14:16:21,06-06-2024 14:16:22,0.219s,PASSED
"click(findTestObject(""Page_Login/button_Yes_KhuyenMai""))",Chrome 114.0.0.0,,,06-06-2024 14:16:22,06-06-2024 14:16:22,0.864s,PASSED
"click(findTestObject(""Page_Login/img_Page""))",Chrome 114.0.0.0,,,06-06-2024 14:16:22,06-06-2024 14:16:23,0.493s,PASSED
"click(findTestObject(""Page_Login/Link_Login""))",Chrome 114.0.0.0,,,06-06-2024 14:16:23,06-06-2024 14:16:24,0.831s,FAILED
,,,,,,,
Test Cases/TC_Login,Chrome 114.0.0.0,,,06-06-2024 14:16:24,06-06-2024 14:16:31,7.055s,FAILED
"openBrowser("""")",Chrome 114.0.0.0,,,06-06-2024 14:16:24,06-06-2024 14:16:25,0.794s,PASSED
"navigateToUrl(""https://hasaki.vn/"")",Chrome 114.0.0.0,,,06-06-2024 14:16:25,06-06-2024 14:16:27,2.514s,PASSED
maximizeWindow(),Chrome 114.0.0.0,,,06-06-2024 14:16:27,06-06-2024 14:16:27,0.227s,PASSED
"click(findTestObject(""Page_Login/button_Yes_KhuyenMai""))",Chrome 114.0.0.0,,,06-06-2024 14:16:27,06-06-2024 14:16:28,0.794s,PASSED
"click(findTestObject(""Page_Login/img_Page""))",Chrome 114.0.0.0,,,06-06-2024 14:16:28,06-06-2024 14:16:29,0.499s,PASSED
"click(findTestObject(""Page_Login/Link_Login""))",Chrome 114.0.0.0,,,06-06-2024 14:16:29,06-06-2024 14:16:29,0.577s,PASSED
"setText(findTestObject(""Page_Login/input_username""), username)",Chrome 114.0.0.0,,,06-06-2024 14:16:29,06-06-2024 14:16:30,1.226s,PASSED
"setEncryptedText(findTestObject(""Page_Login/input_password""), password)",Chrome 114.0.0.0,,,06-06-2024 14:16:30,06-06-2024 14:16:31,0.401s,FAILED
,,,,,,,
Test Cases/TC_Login,Chrome 114.0.0.0,,,06-06-2024 14:16:31,06-06-2024 14:16:41,10.584s,PASSED
"openBrowser("""")",Chrome 114.0.0.0,,,06-06-2024 14:16:31,06-06-2024 14:16:32,0.900s,PASSED
"navigateToUrl(""https://hasaki.vn/"")",Chrome 114.0.0.0,,,06-06-2024 14:16:32,06-06-2024 14:16:35,2.828s,PASSED
maximizeWindow(),Chrome 114.0.0.0,,,06-06-2024 14:16:35,06-06-2024 14:16:35,0.415s,PASSED
"click(findTestObject(""Page_Login/button_Yes_KhuyenMai""))",Chrome 114.0.0.0,,,06-06-2024 14:16:35,06-06-2024 14:16:35,0.411s,PASSED
"click(findTestObject(""Page_Login/img_Page""))",Chrome 114.0.0.0,,,06-06-2024 14:16:35,06-06-2024 14:16:36,0.459s,PASSED
"click(findTestObject(""Page_Login/Link_Login""))",Chrome 114.0.0.0,,,06-06-2024 14:16:36,06-06-2024 14:16:36,0.603s,PASSED
"setText(findTestObject(""Page_Login/input_username""), username)",Chrome 114.0.0.0,,,06-06-2024 14:16:36,06-06-2024 14:16:38,1.144s,PASSED
"setEncryptedText(findTestObject(""Page_Login/input_password""), password)",Chrome 114.0.0.0,,,06-06-2024 14:16:38,06-06-2024 14:16:38,0.712s,PASSED
"click(findTestObject(""Page_Login/button_Login""))",Chrome 114.0.0.0,,,06-06-2024 14:16:38,06-06-2024 14:16:39,0.483s,PASSED
delay(2),Chrome 114.0.0.0,,,06-06-2024 14:16:39,06-06-2024 14:16:41,2.012s,PASSED
"verifyElementText(findTestObject(""Page_Login/LoginExpected""), Expected)",Chrome 114.0.0.0,,,06-06-2024 14:16:41,06-06-2024 14:16:41,0.425s,PASSED
closeBrowser(),Chrome 114.0.0.0,,,06-06-2024 14:16:41,06-06-2024 14:16:41,0.182s,PASSED
,,,,,,,
Test Cases/TC_Login,Chrome 114.0.0.0,,,06-06-2024 14:16:41,06-06-2024 14:16:46,4.843s,FAILED
"openBrowser("""")",Chrome 114.0.0.0,,,06-06-2024 14:16:41,06-06-2024 14:16:42,0.654s,PASSED
"navigateToUrl(""https://hasaki.vn/"")",Chrome 114.0.0.0,,,06-06-2024 14:16:42,06-06-2024 14:16:45,2.465s,PASSED
maximizeWindow(),Chrome 114.0.0.0,,,06-06-2024 14:16:45,06-06-2024 14:16:45,0.185s,PASSED
"click(findTestObject(""Page_Login/button_Yes_KhuyenMai""))",Chrome 114.0.0.0,,,06-06-2024 14:16:45,06-06-2024 14:16:45,0.365s,PASSED
"click(findTestObject(""Page_Login/img_Page""))",Chrome 114.0.0.0,,,06-06-2024 14:16:45,06-06-2024 14:16:46,0.545s,PASSED
"click(findTestObject(""Page_Login/Link_Login""))",Chrome 114.0.0.0,,,06-06-2024 14:16:46,06-06-2024 14:16:46,0.612s,FAILED
,,,,,,,
Test Cases/TC_Login,Chrome 114.0.0.0,,,06-06-2024 14:16:46,06-06-2024 14:16:57,10.304s,PASSED
"openBrowser("""")",Chrome 114.0.0.0,,,06-06-2024 14:16:46,06-06-2024 14:16:47,0.795s,PASSED
"navigateToUrl(""https://hasaki.vn/"")",Chrome 114.0.0.0,,,06-06-2024 14:16:47,06-06-2024 14:16:50,2.705s,PASSED
maximizeWindow(),Chrome 114.0.0.0,,,06-06-2024 14:16:50,06-06-2024 14:16:50,0.383s,PASSED
"click(findTestObject(""Page_Login/button_Yes_KhuyenMai""))",Chrome 114.0.0.0,,,06-06-2024 14:16:50,06-06-2024 14:16:51,0.400s,PASSED
"click(findTestObject(""Page_Login/img_Page""))",Chrome 114.0.0.0,,,06-06-2024 14:16:51,06-06-2024 14:16:51,0.456s,PASSED
"click(findTestObject(""Page_Login/Link_Login""))",Chrome 114.0.0.0,,,06-06-2024 14:16:51,06-06-2024 14:16:52,0.666s,PASSED
"setText(findTestObject(""Page_Login/input_username""), username)",Chrome 114.0.0.0,,,06-06-2024 14:16:52,06-06-2024 14:16:53,1.118s,PASSED
"setEncryptedText(findTestObject(""Page_Login/input_password""), password)",Chrome 114.0.0.0,,,06-06-2024 14:16:53,06-06-2024 14:16:54,0.709s,PASSED
"click(findTestObject(""Page_Login/button_Login""))",Chrome 114.0.0.0,,,06-06-2024 14:16:54,06-06-2024 14:16:54,0.496s,PASSED
delay(2),Chrome 114.0.0.0,,,06-06-2024 14:16:54,06-06-2024 14:16:56,2.014s,PASSED
"verifyElementText(findTestObject(""Page_Login/LoginExpected""), Expected)",Chrome 114.0.0.0,,,06-06-2024 14:16:56,06-06-2024 14:16:56,0.408s,PASSED
closeBrowser(),Chrome 114.0.0.0,,,06-06-2024 14:16:56,06-06-2024 14:16:57,0.138s,PASSED
,,,,,,,
Test Cases/TC_Login,Chrome 114.0.0.0,,,06-06-2024 14:16:57,06-06-2024 14:17:07,10.133s,PASSED
"openBrowser("""")",Chrome 114.0.0.0,,,06-06-2024 14:16:57,06-06-2024 14:16:57,0.663s,PASSED
"navigateToUrl(""https://hasaki.vn/"")",Chrome 114.0.0.0,,,06-06-2024 14:16:57,06-06-2024 14:17:00,2.278s,PASSED
maximizeWindow(),Chrome 114.0.0.0,,,06-06-2024 14:17:00,06-06-2024 14:17:00,0.371s,PASSED
"click(findTestObject(""Page_Login/button_Yes_KhuyenMai""))",Chrome 114.0.0.0,,,06-06-2024 14:17:00,06-06-2024 14:17:01,0.696s,PASSED
"click(findTestObject(""Page_Login/img_Page""))",Chrome 114.0.0.0,,,06-06-2024 14:17:01,06-06-2024 14:17:01,0.445s,PASSED
"click(findTestObject(""Page_Login/Link_Login""))",Chrome 114.0.0.0,,,06-06-2024 14:17:01,06-06-2024 14:17:02,0.589s,PASSED
"setText(findTestObject(""Page_Login/input_username""), username)",Chrome 114.0.0.0,,,06-06-2024 14:17:02,06-06-2024 14:17:03,1.333s,PASSED
"setEncryptedText(findTestObject(""Page_Login/input_password""), password)",Chrome 114.0.0.0,,,06-06-2024 14:17:03,06-06-2024 14:17:04,0.721s,PASSED
"click(findTestObject(""Page_Login/button_Login""))",Chrome 114.0.0.0,,,06-06-2024 14:17:04,06-06-2024 14:17:04,0.461s,PASSED
delay(2),Chrome 114.0.0.0,,,06-06-2024 14:17:04,06-06-2024 14:17:06,2.017s,PASSED
"verifyElementText(findTestObject(""Page_Login/LoginExpected""), Expected)",Chrome 114.0.0.0,,,06-06-2024 14:17:06,06-06-2024 14:17:07,0.401s,PASSED
closeBrowser(),Chrome 114.0.0.0,,,06-06-2024 14:17:07,06-06-2024 14:17:07,0.149s,PASSED
,,,,,,,
Test Cases/TC_Login,Chrome 114.0.0.0,,,06-06-2024 14:17:07,06-06-2024 14:17:16,9.264s,PASSED
"openBrowser("""")",Chrome 114.0.0.0,,,06-06-2024 14:17:07,06-06-2024 14:17:07,0.700s,PASSED
"navigateToUrl(""https://hasaki.vn/"")",Chrome 114.0.0.0,,,06-06-2024 14:17:07,06-06-2024 14:17:10,2.209s,PASSED
maximizeWindow(),Chrome 114.0.0.0,,,06-06-2024 14:17:10,06-06-2024 14:17:10,0.133s,PASSED
"click(findTestObject(""Page_Login/button_Yes_KhuyenMai""))",Chrome 114.0.0.0,,,06-06-2024 14:17:10,06-06-2024 14:17:10,0.631s,PASSED
"click(findTestObject(""Page_Login/img_Page""))",Chrome 114.0.0.0,,,06-06-2024 14:17:10,06-06-2024 14:17:11,0.553s,PASSED
"click(findTestObject(""Page_Login/Link_Login""))",Chrome 114.0.0.0,,,06-06-2024 14:17:11,06-06-2024 14:17:11,0.366s,PASSED
"setText(findTestObject(""Page_Login/input_username""), username)",Chrome 114.0.0.0,,,06-06-2024 14:17:11,06-06-2024 14:17:12,0.861s,PASSED
"setEncryptedText(findTestObject(""Page_Login/input_password""), password)",Chrome 114.0.0.0,,,06-06-2024 14:17:12,06-06-2024 14:17:13,0.803s,PASSED
"click(findTestObject(""Page_Login/button_Login""))",Chrome 114.0.0.0,,,06-06-2024 14:17:13,06-06-2024 14:17:13,0.429s,PASSED
delay(2),Chrome 114.0.0.0,,,06-06-2024 14:17:13,06-06-2024 14:17:15,2.015s,PASSED
"verifyElementText(findTestObject(""Page_Login/LoginExpected""), Expected)",Chrome 114.0.0.0,,,06-06-2024 14:17:15,06-06-2024 14:17:16,0.404s,PASSED
closeBrowser(),Chrome 114.0.0.0,,,06-06-2024 14:17:16,06-06-2024 14:17:16,0.143s,PASSED
,,,,,,,
Test Cases/TC_Login,Chrome 114.0.0.0,,,06-06-2024 14:17:16,06-06-2024 14:17:26,10.300s,PASSED
"openBrowser("""")",Chrome 114.0.0.0,,,06-06-2024 14:17:16,06-06-2024 14:17:17,0.638s,PASSED
"navigateToUrl(""https://hasaki.vn/"")",Chrome 114.0.0.0,,,06-06-2024 14:17:17,06-06-2024 14:17:19,2.449s,PASSED
maximizeWindow(),Chrome 114.0.0.0,,,06-06-2024 14:17:19,06-06-2024 14:17:19,0.292s,PASSED
"click(findTestObject(""Page_Login/button_Yes_KhuyenMai""))",Chrome 114.0.0.0,,,06-06-2024 14:17:19,06-06-2024 14:17:20,0.784s,PASSED
"click(findTestObject(""Page_Login/img_Page""))",Chrome 114.0.0.0,,,06-06-2024 14:17:20,06-06-2024 14:17:21,0.490s,PASSED
"click(findTestObject(""Page_Login/Link_Login""))",Chrome 114.0.0.0,,,06-06-2024 14:17:21,06-06-2024 14:17:21,0.568s,PASSED
"setText(findTestObject(""Page_Login/input_username""), username)",Chrome 114.0.0.0,,,06-06-2024 14:17:21,06-06-2024 14:17:22,1.212s,PASSED
"setEncryptedText(findTestObject(""Page_Login/input_password""), password)",Chrome 114.0.0.0,,,06-06-2024 14:17:22,06-06-2024 14:17:23,0.694s,PASSED
"click(findTestObject(""Page_Login/button_Login""))",Chrome 114.0.0.0,,,06-06-2024 14:17:23,06-06-2024 14:17:24,0.454s,PASSED
delay(2),Chrome 114.0.0.0,,,06-06-2024 14:17:24,06-06-2024 14:17:26,2.014s,PASSED
"verifyElementText(findTestObject(""Page_Login/LoginExpected""), Expected)",Chrome 114.0.0.0,,,06-06-2024 14:17:26,06-06-2024 14:17:26,0.509s,PASSED
closeBrowser(),Chrome 114.0.0.0,,,06-06-2024 14:17:26,06-06-2024 14:17:26,0.183s,PASSED
,,,,,,,
Test Cases/TC_Login,Chrome 114.0.0.0,,,06-06-2024 14:17:26,06-06-2024 14:17:37,10.244s,PASSED
"openBrowser("""")",Chrome 114.0.0.0,,,06-06-2024 14:17:26,06-06-2024 14:17:27,0.666s,PASSED
"navigateToUrl(""https://hasaki.vn/"")",Chrome 114.0.0.0,,,06-06-2024 14:17:27,06-06-2024 14:17:30,2.527s,PASSED
maximizeWindow(),Chrome 114.0.0.0,,,06-06-2024 14:17:30,06-06-2024 14:17:30,0.284s,PASSED
"click(findTestObject(""Page_Login/button_Yes_KhuyenMai""))",Chrome 114.0.0.0,,,06-06-2024 14:17:30,06-06-2024 14:17:30,0.695s,PASSED
"click(findTestObject(""Page_Login/img_Page""))",Chrome 114.0.0.0,,,06-06-2024 14:17:30,06-06-2024 14:17:31,0.534s,PASSED
"click(findTestObject(""Page_Login/Link_Login""))",Chrome 114.0.0.0,,,06-06-2024 14:17:31,06-06-2024 14:17:32,0.660s,PASSED
"setText(findTestObject(""Page_Login/input_username""), username)",Chrome 114.0.0.0,,,06-06-2024 14:17:32,06-06-2024 14:17:33,1.074s,PASSED
"setEncryptedText(findTestObject(""Page_Login/input_password""), password)",Chrome 114.0.0.0,,,06-06-2024 14:17:33,06-06-2024 14:17:34,0.821s,PASSED
"click(findTestObject(""Page_Login/button_Login""))",Chrome 114.0.0.0,,,06-06-2024 14:17:34,06-06-2024 14:17:34,0.525s,PASSED
delay(2),Chrome 114.0.0.0,,,06-06-2024 14:17:34,06-06-2024 14:17:36,2.003s,PASSED
"verifyElementText(findTestObject(""Page_Login/LoginExpected""), Expected)",Chrome 114.0.0.0,,,06-06-2024 14:17:36,06-06-2024 14:17:36,0.285s,PASSED
closeBrowser(),Chrome 114.0.0.0,,,06-06-2024 14:17:36,06-06-2024 14:17:37,0.148s,PASSED
,,,,,,,
Test Cases/TC_Login,Chrome 114.0.0.0,,,06-06-2024 14:17:37,06-06-2024 14:17:42,5.681s,FAILED
"openBrowser("""")",Chrome 114.0.0.0,,,06-06-2024 14:17:37,06-06-2024 14:17:37,0.673s,PASSED
"navigateToUrl(""https://hasaki.vn/"")",Chrome 114.0.0.0,,,06-06-2024 14:17:37,06-06-2024 14:17:40,2.801s,PASSED
maximizeWindow(),Chrome 114.0.0.0,,,06-06-2024 14:17:40,06-06-2024 14:17:40,0.255s,PASSED
"click(findTestObject(""Page_Login/button_Yes_KhuyenMai""))",Chrome 114.0.0.0,,,06-06-2024 14:17:40,06-06-2024 14:17:41,0.617s,PASSED
"click(findTestObject(""Page_Login/img_Page""))",Chrome 114.0.0.0,,,06-06-2024 14:17:41,06-06-2024 14:17:41,0.449s,PASSED
"click(findTestObject(""Page_Login/Link_Login""))",Chrome 114.0.0.0,,,06-06-2024 14:17:41,06-06-2024 14:17:42,0.882s,FAILED
,,,,,,,
Test Cases/TC_Login,Chrome 114.0.0.0,,,06-06-2024 14:17:42,06-06-2024 14:17:48,5.686s,FAILED
"openBrowser("""")",Chrome 114.0.0.0,,,06-06-2024 14:17:42,06-06-2024 14:17:43,0.820s,PASSED
"navigateToUrl(""https://hasaki.vn/"")",Chrome 114.0.0.0,,,06-06-2024 14:17:43,06-06-2024 14:17:45,2.428s,PASSED
maximizeWindow(),Chrome 114.0.0.0,,,06-06-2024 14:17:45,06-06-2024 14:17:46,0.247s,PASSED
"click(findTestObject(""Page_Login/button_Yes_KhuyenMai""))",Chrome 114.0.0.0,,,06-06-2024 14:17:46,06-06-2024 14:17:47,0.830s,PASSED
"click(findTestObject(""Page_Login/img_Page""))",Chrome 114.0.0.0,,,06-06-2024 14:17:47,06-06-2024 14:17:47,0.529s,PASSED
"click(findTestObject(""Page_Login/Link_Login""))",Chrome 114.0.0.0,,,06-06-2024 14:17:47,06-06-2024 14:17:48,0.816s,FAILED
,,,,,,,
Test Cases/TC_Login,Chrome 114.0.0.0,,,06-06-2024 14:17:48,06-06-2024 14:17:58,10.503s,PASSED
"openBrowser("""")",Chrome 114.0.0.0,,,06-06-2024 14:17:48,06-06-2024 14:17:49,0.791s,PASSED
"navigateToUrl(""https://hasaki.vn/"")",Chrome 114.0.0.0,,,06-06-2024 14:17:49,06-06-2024 14:17:51,2.702s,PASSED
maximizeWindow(),Chrome 114.0.0.0,,,06-06-2024 14:17:51,06-06-2024 14:17:52,0.221s,PASSED
"click(findTestObject(""Page_Login/button_Yes_KhuyenMai""))",Chrome 114.0.0.0,,,06-06-2024 14:17:52,06-06-2024 14:17:52,0.618s,PASSED
"click(findTestObject(""Page_Login/img_Page""))",Chrome 114.0.0.0,,,06-06-2024 14:17:52,06-06-2024 14:17:53,0.445s,PASSED
"click(findTestObject(""Page_Login/Link_Login""))",Chrome 114.0.0.0,,,06-06-2024 14:17:53,06-06-2024 14:17:53,0.571s,PASSED
"setText(findTestObject(""Page_Login/input_username""), username)",Chrome 114.0.0.0,,,06-06-2024 14:17:53,06-06-2024 14:17:55,1.283s,PASSED
"setEncryptedText(findTestObject(""Page_Login/input_password""), password)",Chrome 114.0.0.0,,,06-06-2024 14:17:55,06-06-2024 14:17:55,0.682s,PASSED
"click(findTestObject(""Page_Login/button_Login""))",Chrome 114.0.0.0,,,06-06-2024 14:17:55,06-06-2024 14:17:56,0.445s,PASSED
delay(2),Chrome 114.0.0.0,,,06-06-2024 14:17:56,06-06-2024 14:17:58,2.011s,PASSED
"verifyElementText(findTestObject(""Page_Login/LoginExpected""), Expected)",Chrome 114.0.0.0,,,06-06-2024 14:17:58,06-06-2024 14:17:58,0.536s,PASSED
closeBrowser(),Chrome 114.0.0.0,,,06-06-2024 14:17:58,06-06-2024 14:17:58,0.178s,PASSED
,,,,,,,
Test Cases/TC_Login,Chrome 114.0.0.0,,,06-06-2024 14:17:58,06-06-2024 14:18:10,11.244s,PASSED
"openBrowser("""")",Chrome 114.0.0.0,,,06-06-2024 14:17:58,06-06-2024 14:17:59,0.658s,PASSED
"navigateToUrl(""https://hasaki.vn/"")",Chrome 114.0.0.0,,,06-06-2024 14:17:59,06-06-2024 14:18:02,2.914s,PASSED
maximizeWindow(),Chrome 114.0.0.0,,,06-06-2024 14:18:02,06-06-2024 14:18:02,0.249s,PASSED
"click(findTestObject(""Page_Login/button_Yes_KhuyenMai""))",Chrome 114.0.0.0,,,06-06-2024 14:18:02,06-06-2024 14:18:03,0.585s,PASSED
"click(findTestObject(""Page_Login/img_Page""))",Chrome 114.0.0.0,,,06-06-2024 14:18:03,06-06-2024 14:18:04,0.703s,PASSED
"click(findTestObject(""Page_Login/Link_Login""))",Chrome 114.0.0.0,,,06-06-2024 14:18:04,06-06-2024 14:18:05,1.064s,PASSED
"setText(findTestObject(""Page_Login/input_username""), username)",Chrome 114.0.0.0,,,06-06-2024 14:18:05,06-06-2024 14:18:06,1.298s,PASSED
"setEncryptedText(findTestObject(""Page_Login/input_password""), password)",Chrome 114.0.0.0,,,06-06-2024 14:18:06,06-06-2024 14:18:07,0.708s,PASSED
"click(findTestObject(""Page_Login/button_Login""))",Chrome 114.0.0.0,,,06-06-2024 14:18:07,06-06-2024 14:18:07,0.537s,PASSED
delay(2),Chrome 114.0.0.0,,,06-06-2024 14:18:07,06-06-2024 14:18:09,2.012s,PASSED
"verifyElementText(findTestObject(""Page_Login/LoginExpected""), Expected)",Chrome 114.0.0.0,,,06-06-2024 14:18:09,06-06-2024 14:18:09,0.335s,PASSED
closeBrowser(),Chrome 114.0.0.0,,,06-06-2024 14:18:09,06-06-2024 14:18:10,0.176s,PASSED
,,,,,,,
Test Cases/TC_Login,Chrome 114.0.0.0,,,06-06-2024 14:18:10,06-06-2024 14:18:19,9.841s,PASSED
"openBrowser("""")",Chrome 114.0.0.0,,,06-06-2024 14:18:10,06-06-2024 14:18:10,0.654s,PASSED
"navigateToUrl(""https://hasaki.vn/"")",Chrome 114.0.0.0,,,06-06-2024 14:18:10,06-06-2024 14:18:13,2.922s,PASSED
maximizeWindow(),Chrome 114.0.0.0,,,06-06-2024 14:18:13,06-06-2024 14:18:13,0.157s,PASSED
"click(findTestObject(""Page_Login/button_Yes_KhuyenMai""))",Chrome 114.0.0.0,,,06-06-2024 14:18:13,06-06-2024 14:18:14,0.340s,PASSED
"click(findTestObject(""Page_Login/img_Page""))",Chrome 114.0.0.0,,,06-06-2024 14:18:14,06-06-2024 14:18:14,0.672s,PASSED
"click(findTestObject(""Page_Login/Link_Login""))",Chrome 114.0.0.0,,,06-06-2024 14:18:14,06-06-2024 14:18:15,0.340s,PASSED
"setText(findTestObject(""Page_Login/input_username""), username)",Chrome 114.0.0.0,,,06-06-2024 14:18:15,06-06-2024 14:18:16,0.979s,PASSED
"setEncryptedText(findTestObject(""Page_Login/input_password""), password)",Chrome 114.0.0.0,,,06-06-2024 14:18:16,06-06-2024 14:18:16,0.699s,PASSED
"click(findTestObject(""Page_Login/button_Login""))",Chrome 114.0.0.0,,,06-06-2024 14:18:16,06-06-2024 14:18:17,0.482s,PASSED
delay(2),Chrome 114.0.0.0,,,06-06-2024 14:18:17,06-06-2024 14:18:19,2.010s,PASSED
"verifyElementText(findTestObject(""Page_Login/LoginExpected""), Expected)",Chrome 114.0.0.0,,,06-06-2024 14:18:19,06-06-2024 14:18:19,0.401s,PASSED
closeBrowser(),Chrome 114.0.0.0,,,06-06-2024 14:18:19,06-06-2024 14:18:19,0.167s,PASSED
,,,,,,,
Test Cases/TC_Login,Chrome 114.0.0.0,,,06-06-2024 14:18:19,06-06-2024 14:18:30,10.311s,PASSED
"openBrowser("""")",Chrome 114.0.0.0,,,06-06-2024 14:18:20,06-06-2024 14:18:20,0.681s,PASSED
"navigateToUrl(""https://hasaki.vn/"")",Chrome 114.0.0.0,,,06-06-2024 14:18:20,06-06-2024 14:18:23,2.453s,PASSED
maximizeWindow(),Chrome 114.0.0.0,,,06-06-2024 14:18:23,06-06-2024 14:18:23,0.245s,PASSED
"click(findTestObject(""Page_Login/button_Yes_KhuyenMai""))",Chrome 114.0.0.0,,,06-06-2024 14:18:23,06-06-2024 14:18:24,0.853s,PASSED
"click(findTestObject(""Page_Login/img_Page""))",Chrome 114.0.0.0,,,06-06-2024 14:18:24,06-06-2024 14:18:24,0.477s,PASSED
"click(findTestObject(""Page_Login/Link_Login""))",Chrome 114.0.0.0,,,06-06-2024 14:18:24,06-06-2024 14:18:25,0.600s,PASSED
"setText(findTestObject(""Page_Login/input_username""), username)",Chrome 114.0.0.0,,,06-06-2024 14:18:25,06-06-2024 14:18:26,1.192s,PASSED
"setEncryptedText(findTestObject(""Page_Login/input_password""), password)",Chrome 114.0.0.0,,,06-06-2024 14:18:26,06-06-2024 14:18:27,0.686s,PASSED
"click(findTestObject(""Page_Login/button_Login""))",Chrome 114.0.0.0,,,06-06-2024 14:18:27,06-06-2024 14:18:27,0.514s,PASSED
delay(2),Chrome 114.0.0.0,,,06-06-2024 14:18:27,06-06-2024 14:18:29,2.008s,PASSED
"verifyElementText(findTestObject(""Page_Login/LoginExpected""), Expected)",Chrome 114.0.0.0,,,06-06-2024 14:18:29,06-06-2024 14:18:30,0.414s,PASSED
closeBrowser(),Chrome 114.0.0.0,,,06-06-2024 14:18:30,06-06-2024 14:18:30,0.176s,PASSED
,,,,,,,
Test Cases/TC_Login,Chrome 114.0.0.0,,,06-06-2024 14:18:30,06-06-2024 14:18:35,5.501s,FAILED
"openBrowser("""")",Chrome 114.0.0.0,,,06-06-2024 14:18:30,06-06-2024 14:18:30,0.663s,PASSED
"navigateToUrl(""https://hasaki.vn/"")",Chrome 114.0.0.0,,,06-06-2024 14:18:30,06-06-2024 14:18:33,2.496s,PASSED
maximizeWindow(),Chrome 114.0.0.0,,,06-06-2024 14:18:33,06-06-2024 14:18:33,0.287s,PASSED
"click(findTestObject(""Page_Login/button_Yes_KhuyenMai""))",Chrome 114.0.0.0,,,06-06-2024 14:18:33,06-06-2024 14:18:34,0.706s,PASSED
"click(findTestObject(""Page_Login/img_Page""))",Chrome 114.0.0.0,,,06-06-2024 14:18:34,06-06-2024 14:18:34,0.483s,PASSED
"click(findTestObject(""Page_Login/Link_Login""))",Chrome 114.0.0.0,,,06-06-2024 14:18:34,06-06-2024 14:18:35,0.850s,FAILED
,,,,,,,
Test Cases/TC_Login,Chrome 114.0.0.0,,,06-06-2024 14:18:35,06-06-2024 14:18:45,9.203s,PASSED
"openBrowser("""")",Chrome 114.0.0.0,,,06-06-2024 14:18:35,06-06-2024 14:18:36,0.784s,PASSED
"navigateToUrl(""https://hasaki.vn/"")",Chrome 114.0.0.0,,,06-06-2024 14:18:36,06-06-2024 14:18:38,2.147s,PASSED
maximizeWindow(),Chrome 114.0.0.0,,,06-06-2024 14:18:38,06-06-2024 14:18:38,0.175s,PASSED
"click(findTestObject(""Page_Login/button_Yes_KhuyenMai""))",Chrome 114.0.0.0,,,06-06-2024 14:18:38,06-06-2024 14:18:39,0.414s,PASSED
"click(findTestObject(""Page_Login/img_Page""))",Chrome 114.0.0.0,,,06-06-2024 14:18:39,06-06-2024 14:18:39,0.583s,PASSED
"click(findTestObject(""Page_Login/Link_Login""))",Chrome 114.0.0.0,,,06-06-2024 14:18:39,06-06-2024 14:18:40,0.371s,PASSED
"setText(findTestObject(""Page_Login/input_username""), username)",Chrome 114.0.0.0,,,06-06-2024 14:18:40,06-06-2024 14:18:41,0.964s,PASSED
"setEncryptedText(findTestObject(""Page_Login/input_password""), password)",Chrome 114.0.0.0,,,06-06-2024 14:18:41,06-06-2024 14:18:41,0.664s,PASSED
"click(findTestObject(""Page_Login/button_Login""))",Chrome 114.0.0.0,,,06-06-2024 14:18:41,06-06-2024 14:18:42,0.497s,PASSED
delay(2),Chrome 114.0.0.0,,,06-06-2024 14:18:42,06-06-2024 14:18:44,2.015s,PASSED
"verifyElementText(findTestObject(""Page_Login/LoginExpected""), Expected)",Chrome 114.0.0.0,,,06-06-2024 14:18:44,06-06-2024 14:18:44,0.424s,PASSED
closeBrowser(),Chrome 114.0.0.0,,,06-06-2024 14:18:44,06-06-2024 14:18:45,0.148s,PASSED
,,,,,,,
Test Cases/TC_Login,Chrome 114.0.0.0,,,06-06-2024 14:18:45,06-06-2024 14:18:55,10.352s,PASSED
"openBrowser("""")",Chrome 114.0.0.0,,,06-06-2024 14:18:45,06-06-2024 14:18:45,0.734s,PASSED
"navigateToUrl(""https://hasaki.vn/"")",Chrome 114.0.0.0,,,06-06-2024 14:18:45,06-06-2024 14:18:48,2.475s,PASSED
maximizeWindow(),Chrome 114.0.0.0,,,06-06-2024 14:18:48,06-06-2024 14:18:48,0.281s,PASSED
"click(findTestObject(""Page_Login/button_Yes_KhuyenMai""))",Chrome 114.0.0.0,,,06-06-2024 14:18:48,06-06-2024 14:18:49,0.770s,PASSED
"click(findTestObject(""Page_Login/img_Page""))",Chrome 114.0.0.0,,,06-06-2024 14:18:49,06-06-2024 14:18:49,0.490s,PASSED
"click(findTestObject(""Page_Login/Link_Login""))",Chrome 114.0.0.0,,,06-06-2024 14:18:49,06-06-2024 14:18:50,0.507s,PASSED
"setText(findTestObject(""Page_Login/input_username""), username)",Chrome 114.0.0.0,,,06-06-2024 14:18:50,06-06-2024 14:18:51,0.942s,PASSED
"setEncryptedText(findTestObject(""Page_Login/input_password""), password)",Chrome 114.0.0.0,,,06-06-2024 14:18:51,06-06-2024 14:18:51,0.370s,PASSED
"click(findTestObject(""Page_Login/button_Login""))",Chrome 114.0.0.0,,,06-06-2024 14:18:51,06-06-2024 14:18:52,0.849s,PASSED
delay(2),Chrome 114.0.0.0,,,06-06-2024 14:18:52,06-06-2024 14:18:54,2.008s,PASSED
"verifyElementText(findTestObject(""Page_Login/LoginExpected""), Expected)",Chrome 114.0.0.0,,,06-06-2024 14:18:54,06-06-2024 14:18:55,0.759s,PASSED
closeBrowser(),Chrome 114.0.0.0,,,06-06-2024 14:18:55,06-06-2024 14:18:55,0.151s,PASSED
,,,,,,,
Test Cases/TC_Login,Chrome 114.0.0.0,,,06-06-2024 14:18:55,06-06-2024 14:19:06,11.438s,PASSED
"openBrowser("""")",Chrome 114.0.0.0,,,06-06-2024 14:18:55,06-06-2024 14:18:56,0.649s,PASSED
"navigateToUrl(""https://hasaki.vn/"")",Chrome 114.0.0.0,,,06-06-2024 14:18:56,06-06-2024 14:18:59,3.007s,PASSED
maximizeWindow(),Chrome 114.0.0.0,,,06-06-2024 14:18:59,06-06-2024 14:18:59,0.214s,PASSED
"click(findTestObject(""Page_Login/button_Yes_KhuyenMai""))",Chrome 114.0.0.0,,,06-06-2024 14:18:59,06-06-2024 14:18:59,0.685s,PASSED
"click(findTestObject(""Page_Login/img_Page""))",Chrome 114.0.0.0,,,06-06-2024 14:18:59,06-06-2024 14:19:00,0.813s,PASSED
"click(findTestObject(""Page_Login/Link_Login""))",Chrome 114.0.0.0,,,06-06-2024 14:19:00,06-06-2024 14:19:01,1.062s,PASSED
"setText(findTestObject(""Page_Login/input_username""), username)",Chrome 114.0.0.0,,,06-06-2024 14:19:01,06-06-2024 14:19:03,1.249s,PASSED
"setEncryptedText(findTestObject(""Page_Login/input_password""), password)",Chrome 114.0.0.0,,,06-06-2024 14:19:03,06-06-2024 14:19:03,0.686s,PASSED
"click(findTestObject(""Page_Login/button_Login""))",Chrome 114.0.0.0,,,06-06-2024 14:19:03,06-06-2024 14:19:04,0.501s,PASSED
delay(2),Chrome 114.0.0.0,,,06-06-2024 14:19:04,06-06-2024 14:19:06,2.003s,PASSED
"verifyElementText(findTestObject(""Page_Login/LoginExpected""), Expected)",Chrome 114.0.0.0,,,06-06-2024 14:19:06,06-06-2024 14:19:06,0.402s,PASSED
closeBrowser(),Chrome 114.0.0.0,,,06-06-2024 14:19:06,06-06-2024 14:19:06,0.149s,PASSED
,,,,,,,
Test Cases/TC_Login,Chrome 114.0.0.0,,,06-06-2024 14:19:06,06-06-2024 14:19:17,10.321s,PASSED
"openBrowser("""")",Chrome 114.0.0.0,,,06-06-2024 14:19:06,06-06-2024 14:19:07,0.647s,PASSED
"navigateToUrl(""https://hasaki.vn/"")",Chrome 114.0.0.0,,,06-06-2024 14:19:07,06-06-2024 14:19:10,2.569s,PASSED
maximizeWindow(),Chrome 114.0.0.0,,,06-06-2024 14:19:10,06-06-2024 14:19:10,0.310s,PASSED
"click(findTestObject(""Page_Login/button_Yes_KhuyenMai""))",Chrome 114.0.0.0,,,06-06-2024 14:19:10,06-06-2024 14:19:11,0.693s,PASSED
"click(findTestObject(""Page_Login/img_Page""))",Chrome 114.0.0.0,,,06-06-2024 14:19:11,06-06-2024 14:19:11,0.446s,PASSED
"click(findTestObject(""Page_Login/Link_Login""))",Chrome 114.0.0.0,,,06-06-2024 14:19:11,06-06-2024 14:19:12,0.573s,PASSED
"setText(findTestObject(""Page_Login/input_username""), username)",Chrome 114.0.0.0,,,06-06-2024 14:19:12,06-06-2024 14:19:13,1.288s,PASSED
"setEncryptedText(findTestObject(""Page_Login/input_password""), password)",Chrome 114.0.0.0,,,06-06-2024 14:19:13,06-06-2024 14:19:14,0.718s,PASSED
"click(findTestObject(""Page_Login/button_Login""))",Chrome 114.0.0.0,,,06-06-2024 14:19:14,06-06-2024 14:19:14,0.509s,PASSED
delay(2),Chrome 114.0.0.0,,,06-06-2024 14:19:14,06-06-2024 14:19:16,2.008s,PASSED
"verifyElementText(findTestObject(""Page_Login/LoginExpected""), Expected)",Chrome 114.0.0.0,,,06-06-2024 14:19:16,06-06-2024 14:19:16,0.418s,PASSED
closeBrowser(),Chrome 114.0.0.0,,,06-06-2024 14:19:16,06-06-2024 14:19:17,0.139s,PASSED
